2021-09-02T15:06:05.020+09:00,Lee Dong Hyeon,IdeState,Active,JavaTest,Editor,C:/Users/Lee Dong Hyeon/IdeaProjects/JavaTest/src/HelloWorld.java,,0,24,Default task
2021-09-02T15:06:06.035+09:00,Lee Dong Hyeon,IdeState,Active,JavaTest,Editor,C:/Users/Lee Dong Hyeon/IdeaProjects/JavaTest/src/HelloWorld.java,,0,25,Default task
2021-09-02T15:06:06.737+09:00,Lee Dong Hyeon,Action,EditorEnter,JavaTest,Editor,C:/Users/Lee Dong Hyeon/IdeaProjects/JavaTest/src/HelloWorld.java,,0,25,Default task
2021-09-02T15:06:06.795+09:00,Lee Dong Hyeon,KeyEvent,10:10:0,JavaTest,Editor,C:/Users/Lee Dong Hyeon/IdeaProjects/JavaTest/src/HelloWorld.java,,1,4,Default task
2021-09-02T15:06:07.037+09:00,Lee Dong Hyeon,IdeState,Active,JavaTest,Editor,C:/Users/Lee Dong Hyeon/IdeaProjects/JavaTest/src/HelloWorld.java,,1,4,Default task
2021-09-02T15:06:07.226+09:00,Lee Dong Hyeon,Action,EditorEnter,JavaTest,Editor,C:/Users/Lee Dong Hyeon/IdeaProjects/JavaTest/src/HelloWorld.java,,1,4,Default task
2021-09-02T15:06:07.230+09:00,Lee Dong Hyeon,KeyEvent,10:10:0,JavaTest,Editor,C:/Users/Lee Dong Hyeon/IdeaProjects/JavaTest/src/HelloWorld.java,,2,4,Default task
2021-09-02T15:06:08.055+09:00,Lee Dong Hyeon,IdeState,Active,JavaTest,Editor,C:/Users/Lee Dong Hyeon/IdeaProjects/JavaTest/src/HelloWorld.java,,2,4,Default task
2021-09-02T15:06:08.850+09:00,Lee Dong Hyeon,KeyEvent,112:80:0,JavaTest,Editor,C:/Users/Lee Dong Hyeon/IdeaProjects/JavaTest/src/HelloWorld.java,,2,4,Default task
2021-09-02T15:06:08.921+09:00,Lee Dong Hyeon,KeyEvent,117:85:0,JavaTest,Editor,C:/Users/Lee Dong Hyeon/IdeaProjects/JavaTest/src/HelloWorld.java,,2,5,Default task
2021-09-02T15:06:09.074+09:00,Lee Dong Hyeon,IdeState,Active,JavaTest,Editor,C:/Users/Lee Dong Hyeon/IdeaProjects/JavaTest/src/HelloWorld.java,,2,6,Default task
2021-09-02T15:06:09.122+09:00,Lee Dong Hyeon,KeyEvent,98:66:0,JavaTest,Editor,C:/Users/Lee Dong Hyeon/IdeaProjects/JavaTest/src/HelloWorld.java,,2,6,Default task
2021-09-02T15:06:09.455+09:00,Lee Dong Hyeon,KeyEvent,108:76:0,JavaTest,Editor,C:/Users/Lee Dong Hyeon/IdeaProjects/JavaTest/src/HelloWorld.java,,2,7,Default task
2021-09-02T15:06:09.738+09:00,Lee Dong Hyeon,KeyEvent,105:73:0,JavaTest,Editor,C:/Users/Lee Dong Hyeon/IdeaProjects/JavaTest/src/HelloWorld.java,,2,8,Default task
2021-09-02T15:06:09.821+09:00,Lee Dong Hyeon,KeyEvent,99:67:0,JavaTest,Editor,C:/Users/Lee Dong Hyeon/IdeaProjects/JavaTest/src/HelloWorld.java,,2,9,Default task
2021-09-02T15:06:10.086+09:00,Lee Dong Hyeon,IdeState,Active,JavaTest,Editor,C:/Users/Lee Dong Hyeon/IdeaProjects/JavaTest/src/HelloWorld.java,,2,10,Default task
2021-09-02T15:06:11.086+09:00,Lee Dong Hyeon,KeyEvent,32:32:0,JavaTest,Editor,C:/Users/Lee Dong Hyeon/IdeaProjects/JavaTest/src/HelloWorld.java,,2,10,Default task
2021-09-02T15:06:11.106+09:00,Lee Dong Hyeon,IdeState,Active,JavaTest,Editor,C:/Users/Lee Dong Hyeon/IdeaProjects/JavaTest/src/HelloWorld.java,,2,11,Default task
2021-09-02T15:06:11.225+09:00,Lee Dong Hyeon,KeyEvent,115:83:0,JavaTest,Editor,C:/Users/Lee Dong Hyeon/IdeaProjects/JavaTest/src/HelloWorld.java,,2,11,Default task
2021-09-02T15:06:11.361+09:00,Lee Dong Hyeon,KeyEvent,116:84:0,JavaTest,Editor,C:/Users/Lee Dong Hyeon/IdeaProjects/JavaTest/src/HelloWorld.java,,2,12,Default task
2021-09-02T15:06:11.470+09:00,Lee Dong Hyeon,KeyEvent,97:65:0,JavaTest,Editor,C:/Users/Lee Dong Hyeon/IdeaProjects/JavaTest/src/HelloWorld.java,,2,13,Default task
2021-09-02T15:06:11.572+09:00,Lee Dong Hyeon,KeyEvent,116:84:0,JavaTest,Editor,C:/Users/Lee Dong Hyeon/IdeaProjects/JavaTest/src/HelloWorld.java,,2,14,Default task
2021-09-02T15:06:11.855+09:00,Lee Dong Hyeon,KeyEvent,105:73:0,JavaTest,Editor,C:/Users/Lee Dong Hyeon/IdeaProjects/JavaTest/src/HelloWorld.java,,2,15,Default task
2021-09-02T15:06:11.988+09:00,Lee Dong Hyeon,KeyEvent,99:67:0,JavaTest,Editor,C:/Users/Lee Dong Hyeon/IdeaProjects/JavaTest/src/HelloWorld.java,,2,16,Default task
2021-09-02T15:06:12.121+09:00,Lee Dong Hyeon,IdeState,Active,JavaTest,Editor,C:/Users/Lee Dong Hyeon/IdeaProjects/JavaTest/src/HelloWorld.java,,2,17,Default task
2021-09-02T15:06:12.221+09:00,Lee Dong Hyeon,KeyEvent,32:32:0,JavaTest,Editor,C:/Users/Lee Dong Hyeon/IdeaProjects/JavaTest/src/HelloWorld.java,,2,17,Default task
2021-09-02T15:06:12.437+09:00,Lee Dong Hyeon,KeyEvent,118:86:0,JavaTest,Editor,C:/Users/Lee Dong Hyeon/IdeaProjects/JavaTest/src/HelloWorld.java,,2,18,Default task
2021-09-02T15:06:12.601+09:00,Lee Dong Hyeon,KeyEvent,111:79:0,JavaTest,Editor,C:/Users/Lee Dong Hyeon/IdeaProjects/JavaTest/src/HelloWorld.java,,2,19,Default task
2021-09-02T15:06:12.671+09:00,Lee Dong Hyeon,KeyEvent,105:73:0,JavaTest,Editor,C:/Users/Lee Dong Hyeon/IdeaProjects/JavaTest/src/HelloWorld.java,,2,20,Default task
2021-09-02T15:06:12.739+09:00,Lee Dong Hyeon,KeyEvent,100:68:0,JavaTest,Editor,C:/Users/Lee Dong Hyeon/IdeaProjects/JavaTest/src/HelloWorld.java,,2,21,Default task
2021-09-02T15:06:12.866+09:00,Lee Dong Hyeon,KeyEvent,32:32:0,JavaTest,Editor,C:/Users/Lee Dong Hyeon/IdeaProjects/JavaTest/src/HelloWorld.java,,2,22,Default task
2021-09-02T15:06:13.136+09:00,Lee Dong Hyeon,IdeState,Active,JavaTest,Editor,C:/Users/Lee Dong Hyeon/IdeaProjects/JavaTest/src/HelloWorld.java,,2,23,Default task
2021-09-02T15:06:14.149+09:00,Lee Dong Hyeon,IdeState,Active,JavaTest,Editor,C:/Users/Lee Dong Hyeon/IdeaProjects/JavaTest/src/HelloWorld.java,,2,23,Default task
2021-09-02T15:06:14.434+09:00,Lee Dong Hyeon,KeyEvent,109:77:0,JavaTest,Editor,C:/Users/Lee Dong Hyeon/IdeaProjects/JavaTest/src/HelloWorld.java,,2,23,Default task
2021-09-02T15:06:14.539+09:00,Lee Dong Hyeon,KeyEvent,97:65:0,JavaTest,Editor,C:/Users/Lee Dong Hyeon/IdeaProjects/JavaTest/src/HelloWorld.java,,2,24,Default task
2021-09-02T15:06:14.666+09:00,Lee Dong Hyeon,KeyEvent,105:73:0,JavaTest,Editor,C:/Users/Lee Dong Hyeon/IdeaProjects/JavaTest/src/HelloWorld.java,,2,25,Default task
2021-09-02T15:06:14.737+09:00,Lee Dong Hyeon,KeyEvent,110:78:0,JavaTest,Editor,C:/Users/Lee Dong Hyeon/IdeaProjects/JavaTest/src/HelloWorld.java,,2,26,Default task
2021-09-02T15:06:14.939+09:00,Lee Dong Hyeon,KeyEvent,65535:16:1,JavaTest,Editor,C:/Users/Lee Dong Hyeon/IdeaProjects/JavaTest/src/HelloWorld.java,,2,27,Default task
2021-09-02T15:06:15.070+09:00,Lee Dong Hyeon,KeyEvent,40:57:1,JavaTest,Editor,C:/Users/Lee Dong Hyeon/IdeaProjects/JavaTest/src/HelloWorld.java,,2,27,Default task
2021-09-02T15:06:15.153+09:00,Lee Dong Hyeon,IdeState,Active,JavaTest,Editor,C:/Users/Lee Dong Hyeon/IdeaProjects/JavaTest/src/HelloWorld.java,HelloWorld::main,2,28,Default task
2021-09-02T15:06:16.154+09:00,Lee Dong Hyeon,IdeState,Active,JavaTest,Editor,C:/Users/Lee Dong Hyeon/IdeaProjects/JavaTest/src/HelloWorld.java,HelloWorld::main,2,28,Default task
2021-09-02T15:06:16.499+09:00,Lee Dong Hyeon,KeyEvent,65535:16:1,JavaTest,Editor,C:/Users/Lee Dong Hyeon/IdeaProjects/JavaTest/src/HelloWorld.java,HelloWorld::main,2,28,Default task
2021-09-02T15:06:16.588+09:00,Lee Dong Hyeon,KeyEvent,83:83:1,JavaTest,Editor,C:/Users/Lee Dong Hyeon/IdeaProjects/JavaTest/src/HelloWorld.java,HelloWorld::main,2,28,Default task
2021-09-02T15:06:16.993+09:00,Lee Dong Hyeon,KeyEvent,116:84:0,JavaTest,Editor,C:/Users/Lee Dong Hyeon/IdeaProjects/JavaTest/src/HelloWorld.java,HelloWorld::main,2,29,Default task
2021-09-02T15:06:17.168+09:00,Lee Dong Hyeon,IdeState,Active,JavaTest,Editor,C:/Users/Lee Dong Hyeon/IdeaProjects/JavaTest/src/HelloWorld.java,HelloWorld::main,2,30,Default task
2021-09-02T15:06:17.204+09:00,Lee Dong Hyeon,KeyEvent,114:82:0,JavaTest,Editor,C:/Users/Lee Dong Hyeon/IdeaProjects/JavaTest/src/HelloWorld.java,HelloWorld::main,2,30,Default task
2021-09-02T15:06:17.821+09:00,Lee Dong Hyeon,KeyEvent,105:73:0,JavaTest,Editor,C:/Users/Lee Dong Hyeon/IdeaProjects/JavaTest/src/HelloWorld.java,HelloWorld::main,2,31,Default task
2021-09-02T15:06:17.873+09:00,Lee Dong Hyeon,KeyEvent,110:78:0,JavaTest,Editor,C:/Users/Lee Dong Hyeon/IdeaProjects/JavaTest/src/HelloWorld.java,HelloWorld::main,2,32,Default task
2021-09-02T15:06:17.961+09:00,Lee Dong Hyeon,KeyEvent,103:71:0,JavaTest,Editor,C:/Users/Lee Dong Hyeon/IdeaProjects/JavaTest/src/HelloWorld.java,HelloWorld::main,2,33,Default task
2021-09-02T15:06:18.171+09:00,Lee Dong Hyeon,IdeState,Active,JavaTest,Editor,C:/Users/Lee Dong Hyeon/IdeaProjects/JavaTest/src/HelloWorld.java,HelloWorld::main,2,34,Default task
2021-09-02T15:06:19.186+09:00,Lee Dong Hyeon,IdeState,Active,JavaTest,Editor,C:/Users/Lee Dong Hyeon/IdeaProjects/JavaTest/src/HelloWorld.java,HelloWorld::main,2,34,Default task
2021-09-02T15:06:19.537+09:00,Lee Dong Hyeon,KeyEvent,91:91:0,JavaTest,Editor,C:/Users/Lee Dong Hyeon/IdeaProjects/JavaTest/src/HelloWorld.java,HelloWorld::main,2,34,Default task
2021-09-02T15:06:19.585+09:00,Lee Dong Hyeon,KeyEvent,93:93:0,JavaTest,Editor,C:/Users/Lee Dong Hyeon/IdeaProjects/JavaTest/src/HelloWorld.java,HelloWorld::main,2,35,Default task
2021-09-02T15:06:19.839+09:00,Lee Dong Hyeon,KeyEvent,32:32:0,JavaTest,Editor,C:/Users/Lee Dong Hyeon/IdeaProjects/JavaTest/src/HelloWorld.java,HelloWorld::main,2,36,Default task
2021-09-02T15:06:19.969+09:00,Lee Dong Hyeon,KeyEvent,97:65:0,JavaTest,Editor,C:/Users/Lee Dong Hyeon/IdeaProjects/JavaTest/src/HelloWorld.java,HelloWorld::main,2,37,Default task
2021-09-02T15:06:20.073+09:00,Lee Dong Hyeon,KeyEvent,114:82:0,JavaTest,Editor,C:/Users/Lee Dong Hyeon/IdeaProjects/JavaTest/src/HelloWorld.java,HelloWorld::main,2,38,Default task
2021-09-02T15:06:20.201+09:00,Lee Dong Hyeon,IdeState,Active,JavaTest,Editor,C:/Users/Lee Dong Hyeon/IdeaProjects/JavaTest/src/HelloWorld.java,HelloWorld::main,2,39,Default task
2021-09-02T15:06:20.639+09:00,Lee Dong Hyeon,KeyEvent,103:71:0,JavaTest,Editor,C:/Users/Lee Dong Hyeon/IdeaProjects/JavaTest/src/HelloWorld.java,HelloWorld::main,2,39,Default task
2021-09-02T15:06:20.888+09:00,Lee Dong Hyeon,KeyEvent,115:83:0,JavaTest,Editor,C:/Users/Lee Dong Hyeon/IdeaProjects/JavaTest/src/HelloWorld.java,HelloWorld::main,2,40,Default task
2021-09-02T15:06:21.222+09:00,Lee Dong Hyeon,IdeState,Active,JavaTest,Editor,C:/Users/Lee Dong Hyeon/IdeaProjects/JavaTest/src/HelloWorld.java,HelloWorld::main,2,41,Default task
2021-09-02T15:06:21.922+09:00,Lee Dong Hyeon,Action,EditorRight,JavaTest,Editor,C:/Users/Lee Dong Hyeon/IdeaProjects/JavaTest/src/HelloWorld.java,HelloWorld::main,2,41,Default task
2021-09-02T15:06:21.922+09:00,Lee Dong Hyeon,KeyEvent,65535:39:0,JavaTest,Editor,C:/Users/Lee Dong Hyeon/IdeaProjects/JavaTest/src/HelloWorld.java,,2,42,Default task
2021-09-02T15:06:22.196+09:00,Lee Dong Hyeon,KeyEvent,32:32:0,JavaTest,Editor,C:/Users/Lee Dong Hyeon/IdeaProjects/JavaTest/src/HelloWorld.java,,2,42,Default task
2021-09-02T15:06:22.237+09:00,Lee Dong Hyeon,IdeState,Active,JavaTest,Editor,C:/Users/Lee Dong Hyeon/IdeaProjects/JavaTest/src/HelloWorld.java,,2,43,Default task
2021-09-02T15:06:22.306+09:00,Lee Dong Hyeon,KeyEvent,65535:16:1,JavaTest,Editor,C:/Users/Lee Dong Hyeon/IdeaProjects/JavaTest/src/HelloWorld.java,,2,43,Default task
2021-09-02T15:06:22.481+09:00,Lee Dong Hyeon,KeyEvent,123:91:1,JavaTest,Editor,C:/Users/Lee Dong Hyeon/IdeaProjects/JavaTest/src/HelloWorld.java,,2,43,Default task
2021-09-02T15:06:22.755+09:00,Lee Dong Hyeon,Action,EditorEnter,JavaTest,Editor,C:/Users/Lee Dong Hyeon/IdeaProjects/JavaTest/src/HelloWorld.java,HelloWorld::main,2,44,Default task
2021-09-02T15:06:22.771+09:00,Lee Dong Hyeon,KeyEvent,10:10:0,JavaTest,Editor,C:/Users/Lee Dong Hyeon/IdeaProjects/JavaTest/src/HelloWorld.java,,3,8,Default task
2021-09-02T15:06:23.250+09:00,Lee Dong Hyeon,IdeState,Active,JavaTest,Editor,C:/Users/Lee Dong Hyeon/IdeaProjects/JavaTest/src/HelloWorld.java,HelloWorld::main,3,8,Default task
2021-09-02T15:06:23.305+09:00,Lee Dong Hyeon,KeyEvent,65535:16:1,JavaTest,Editor,C:/Users/Lee Dong Hyeon/IdeaProjects/JavaTest/src/HelloWorld.java,HelloWorld::main,3,8,Default task
2021-09-02T15:06:23.817+09:00,Lee Dong Hyeon,KeyEvent,65535:16:1,JavaTest,Editor,C:/Users/Lee Dong Hyeon/IdeaProjects/JavaTest/src/HelloWorld.java,HelloWorld::main,3,8,Default task
2021-09-02T15:06:23.854+09:00,Lee Dong Hyeon,KeyEvent,65535:16:1,JavaTest,Editor,C:/Users/Lee Dong Hyeon/IdeaProjects/JavaTest/src/HelloWorld.java,HelloWorld::main,3,8,Default task
2021-09-02T15:06:23.888+09:00,Lee Dong Hyeon,KeyEvent,65535:16:1,JavaTest,Editor,C:/Users/Lee Dong Hyeon/IdeaProjects/JavaTest/src/HelloWorld.java,HelloWorld::main,3,8,Default task
2021-09-02T15:06:23.921+09:00,Lee Dong Hyeon,KeyEvent,65535:16:1,JavaTest,Editor,C:/Users/Lee Dong Hyeon/IdeaProjects/JavaTest/src/HelloWorld.java,HelloWorld::main,3,8,Default task
2021-09-02T15:06:23.954+09:00,Lee Dong Hyeon,KeyEvent,65535:16:1,JavaTest,Editor,C:/Users/Lee Dong Hyeon/IdeaProjects/JavaTest/src/HelloWorld.java,HelloWorld::main,3,8,Default task
2021-09-02T15:06:23.985+09:00,Lee Dong Hyeon,KeyEvent,65535:16:1,JavaTest,Editor,C:/Users/Lee Dong Hyeon/IdeaProjects/JavaTest/src/HelloWorld.java,HelloWorld::main,3,8,Default task
2021-09-02T15:06:24.022+09:00,Lee Dong Hyeon,KeyEvent,65535:16:1,JavaTest,Editor,C:/Users/Lee Dong Hyeon/IdeaProjects/JavaTest/src/HelloWorld.java,HelloWorld::main,3,8,Default task
2021-09-02T15:06:24.036+09:00,Lee Dong Hyeon,KeyEvent,65535:16:1,JavaTest,Editor,C:/Users/Lee Dong Hyeon/IdeaProjects/JavaTest/src/HelloWorld.java,HelloWorld::main,3,8,Default task
2021-09-02T15:06:24.070+09:00,Lee Dong Hyeon,KeyEvent,65535:16:1,JavaTest,Editor,C:/Users/Lee Dong Hyeon/IdeaProjects/JavaTest/src/HelloWorld.java,HelloWorld::main,3,8,Default task
2021-09-02T15:06:24.118+09:00,Lee Dong Hyeon,KeyEvent,65535:16:1,JavaTest,Editor,C:/Users/Lee Dong Hyeon/IdeaProjects/JavaTest/src/HelloWorld.java,HelloWorld::main,3,8,Default task
2021-09-02T15:06:24.152+09:00,Lee Dong Hyeon,KeyEvent,65535:16:1,JavaTest,Editor,C:/Users/Lee Dong Hyeon/IdeaProjects/JavaTest/src/HelloWorld.java,HelloWorld::main,3,8,Default task
2021-09-02T15:06:24.160+09:00,Lee Dong Hyeon,KeyEvent,83:83:1,JavaTest,Editor,C:/Users/Lee Dong Hyeon/IdeaProjects/JavaTest/src/HelloWorld.java,HelloWorld::main,3,8,Default task
2021-09-02T15:06:24.252+09:00,Lee Dong Hyeon,IdeState,Active,JavaTest,Editor,C:/Users/Lee Dong Hyeon/IdeaProjects/JavaTest/src/HelloWorld.java,HelloWorld::main,3,9,Default task
2021-09-02T15:06:24.439+09:00,Lee Dong Hyeon,KeyEvent,121:89:0,JavaTest,Editor,C:/Users/Lee Dong Hyeon/IdeaProjects/JavaTest/src/HelloWorld.java,HelloWorld::main,3,9,Default task
2021-09-02T15:06:24.537+09:00,Lee Dong Hyeon,KeyEvent,115:83:0,JavaTest,Editor,C:/Users/Lee Dong Hyeon/IdeaProjects/JavaTest/src/HelloWorld.java,HelloWorld::main,3,10,Default task
2021-09-02T15:06:24.739+09:00,Lee Dong Hyeon,KeyEvent,116:84:0,JavaTest,Editor,C:/Users/Lee Dong Hyeon/IdeaProjects/JavaTest/src/HelloWorld.java,HelloWorld::main,3,11,Default task
2021-09-02T15:06:25.021+09:00,Lee Dong Hyeon,Action,EditorChooseLookupItem,JavaTest,Editor,C:/Users/Lee Dong Hyeon/IdeaProjects/JavaTest/src/HelloWorld.java,HelloWorld::main,3,12,Default task
2021-09-02T15:06:25.054+09:00,Lee Dong Hyeon,KeyEvent,10:10:0,JavaTest,Editor,C:/Users/Lee Dong Hyeon/IdeaProjects/JavaTest/src/HelloWorld.java,HelloWorld::main,3,14,Default task
2021-09-02T15:06:25.265+09:00,Lee Dong Hyeon,IdeState,Active,JavaTest,Editor,C:/Users/Lee Dong Hyeon/IdeaProjects/JavaTest/src/HelloWorld.java,HelloWorld::main,3,14,Default task
2021-09-02T15:06:26.270+09:00,Lee Dong Hyeon,IdeState,Active,JavaTest,Editor,C:/Users/Lee Dong Hyeon/IdeaProjects/JavaTest/src/HelloWorld.java,HelloWorld::main,3,14,Default task
2021-09-02T15:06:26.372+09:00,Lee Dong Hyeon,KeyEvent,46:46:0,JavaTest,Editor,C:/Users/Lee Dong Hyeon/IdeaProjects/JavaTest/src/HelloWorld.java,HelloWorld::main,3,14,Default task
2021-09-02T15:06:26.786+09:00,Lee Dong Hyeon,KeyEvent,111:79:0,JavaTest,Editor,C:/Users/Lee Dong Hyeon/IdeaProjects/JavaTest/src/HelloWorld.java,HelloWorld::main,3,15,Default task
2021-09-02T15:06:26.837+09:00,Lee Dong Hyeon,KeyEvent,117:85:0,JavaTest,Editor,C:/Users/Lee Dong Hyeon/IdeaProjects/JavaTest/src/HelloWorld.java,HelloWorld::main,3,16,Default task
2021-09-02T15:06:27.122+09:00,Lee Dong Hyeon,KeyEvent,116:84:0,JavaTest,Editor,C:/Users/Lee Dong Hyeon/IdeaProjects/JavaTest/src/HelloWorld.java,HelloWorld::main,3,17,Default task
2021-09-02T15:06:27.270+09:00,Lee Dong Hyeon,IdeState,Active,JavaTest,Editor,C:/Users/Lee Dong Hyeon/IdeaProjects/JavaTest/src/HelloWorld.java,HelloWorld::main,3,18,Default task
2021-09-02T15:06:28.288+09:00,Lee Dong Hyeon,IdeState,Active,JavaTest,Editor,C:/Users/Lee Dong Hyeon/IdeaProjects/JavaTest/src/HelloWorld.java,HelloWorld::main,3,18,Default task
2021-09-02T15:06:28.570+09:00,Lee Dong Hyeon,KeyEvent,46:46:0,JavaTest,Editor,C:/Users/Lee Dong Hyeon/IdeaProjects/JavaTest/src/HelloWorld.java,HelloWorld::main,3,18,Default task
2021-09-02T15:06:28.988+09:00,Lee Dong Hyeon,KeyEvent,112:80:0,JavaTest,Editor,C:/Users/Lee Dong Hyeon/IdeaProjects/JavaTest/src/HelloWorld.java,HelloWorld::main,3,19,Default task
2021-09-02T15:06:29.073+09:00,Lee Dong Hyeon,KeyEvent,114:82:0,JavaTest,Editor,C:/Users/Lee Dong Hyeon/IdeaProjects/JavaTest/src/HelloWorld.java,HelloWorld::main,3,20,Default task
2021-09-02T15:06:29.304+09:00,Lee Dong Hyeon,IdeState,Active,JavaTest,Editor,C:/Users/Lee Dong Hyeon/IdeaProjects/JavaTest/src/HelloWorld.java,HelloWorld::main,3,21,Default task
2021-09-02T15:06:29.739+09:00,Lee Dong Hyeon,Action,EditorChooseLookupItem,JavaTest,Editor,C:/Users/Lee Dong Hyeon/IdeaProjects/JavaTest/src/HelloWorld.java,HelloWorld::main,3,21,Default task
2021-09-02T15:06:29.770+09:00,Lee Dong Hyeon,KeyEvent,10:10:0,JavaTest,Editor,C:/Users/Lee Dong Hyeon/IdeaProjects/JavaTest/src/HelloWorld.java,HelloWorld::main,3,27,Default task
2021-09-02T15:06:30.319+09:00,Lee Dong Hyeon,IdeState,Active,JavaTest,Editor,C:/Users/Lee Dong Hyeon/IdeaProjects/JavaTest/src/HelloWorld.java,HelloWorld::main,3,27,Default task
2021-09-02T15:06:31.321+09:00,Lee Dong Hyeon,IdeState,Active,JavaTest,Editor,C:/Users/Lee Dong Hyeon/IdeaProjects/JavaTest/src/HelloWorld.java,HelloWorld::main,3,27,Default task
2021-09-02T15:06:32.057+09:00,Lee Dong Hyeon,KeyEvent,65535:16:1,JavaTest,Editor,C:/Users/Lee Dong Hyeon/IdeaProjects/JavaTest/src/HelloWorld.java,HelloWorld::main,3,27,Default task
2021-09-02T15:06:32.225+09:00,Lee Dong Hyeon,KeyEvent,65535:16:1,JavaTest,Editor,C:/Users/Lee Dong Hyeon/IdeaProjects/JavaTest/src/HelloWorld.java,HelloWorld::main,3,27,Default task
2021-09-02T15:06:32.321+09:00,Lee Dong Hyeon,KeyEvent,34:222:1,JavaTest,Editor,C:/Users/Lee Dong Hyeon/IdeaProjects/JavaTest/src/HelloWorld.java,HelloWorld::main,3,27,Default task
2021-09-02T15:06:32.337+09:00,Lee Dong Hyeon,IdeState,Active,JavaTest,Editor,C:/Users/Lee Dong Hyeon/IdeaProjects/JavaTest/src/HelloWorld.java,HelloWorld::main,3,28,Default task
2021-09-02T15:06:33.353+09:00,Lee Dong Hyeon,IdeState,Active,JavaTest,Editor,C:/Users/Lee Dong Hyeon/IdeaProjects/JavaTest/src/HelloWorld.java,HelloWorld::main,3,28,Default task
2021-09-02T15:06:34.006+09:00,Lee Dong Hyeon,KeyEvent,65535:16:1,JavaTest,Editor,C:/Users/Lee Dong Hyeon/IdeaProjects/JavaTest/src/HelloWorld.java,HelloWorld::main,3,28,Default task
2021-09-02T15:06:34.365+09:00,Lee Dong Hyeon,IdeState,Active,JavaTest,Editor,C:/Users/Lee Dong Hyeon/IdeaProjects/JavaTest/src/HelloWorld.java,HelloWorld::main,3,28,Default task
2021-09-02T15:06:34.521+09:00,Lee Dong Hyeon,KeyEvent,65535:16:1,JavaTest,Editor,C:/Users/Lee Dong Hyeon/IdeaProjects/JavaTest/src/HelloWorld.java,HelloWorld::main,3,28,Default task
2021-09-02T15:06:34.555+09:00,Lee Dong Hyeon,KeyEvent,65535:16:1,JavaTest,Editor,C:/Users/Lee Dong Hyeon/IdeaProjects/JavaTest/src/HelloWorld.java,HelloWorld::main,3,28,Default task
2021-09-02T15:06:34.588+09:00,Lee Dong Hyeon,KeyEvent,65535:16:1,JavaTest,Editor,C:/Users/Lee Dong Hyeon/IdeaProjects/JavaTest/src/HelloWorld.java,HelloWorld::main,3,28,Default task
2021-09-02T15:06:34.621+09:00,Lee Dong Hyeon,KeyEvent,65535:16:1,JavaTest,Editor,C:/Users/Lee Dong Hyeon/IdeaProjects/JavaTest/src/HelloWorld.java,HelloWorld::main,3,28,Default task
2021-09-02T15:06:34.653+09:00,Lee Dong Hyeon,KeyEvent,65535:16:1,JavaTest,Editor,C:/Users/Lee Dong Hyeon/IdeaProjects/JavaTest/src/HelloWorld.java,HelloWorld::main,3,28,Default task
2021-09-02T15:06:34.687+09:00,Lee Dong Hyeon,KeyEvent,65535:16:1,JavaTest,Editor,C:/Users/Lee Dong Hyeon/IdeaProjects/JavaTest/src/HelloWorld.java,HelloWorld::main,3,28,Default task
2021-09-02T15:06:34.720+09:00,Lee Dong Hyeon,KeyEvent,65535:16:1,JavaTest,Editor,C:/Users/Lee Dong Hyeon/IdeaProjects/JavaTest/src/HelloWorld.java,HelloWorld::main,3,28,Default task
2021-09-02T15:06:34.754+09:00,Lee Dong Hyeon,KeyEvent,65535:16:1,JavaTest,Editor,C:/Users/Lee Dong Hyeon/IdeaProjects/JavaTest/src/HelloWorld.java,HelloWorld::main,3,28,Default task
2021-09-02T15:06:34.788+09:00,Lee Dong Hyeon,KeyEvent,65535:16:1,JavaTest,Editor,C:/Users/Lee Dong Hyeon/IdeaProjects/JavaTest/src/HelloWorld.java,HelloWorld::main,3,28,Default task
2021-09-02T15:06:34.821+09:00,Lee Dong Hyeon,KeyEvent,65535:16:1,JavaTest,Editor,C:/Users/Lee Dong Hyeon/IdeaProjects/JavaTest/src/HelloWorld.java,HelloWorld::main,3,28,Default task
2021-09-02T15:06:34.837+09:00,Lee Dong Hyeon,KeyEvent,65535:16:1,JavaTest,Editor,C:/Users/Lee Dong Hyeon/IdeaProjects/JavaTest/src/HelloWorld.java,HelloWorld::main,3,28,Default task
2021-09-02T15:06:34.888+09:00,Lee Dong Hyeon,KeyEvent,65535:16:1,JavaTest,Editor,C:/Users/Lee Dong Hyeon/IdeaProjects/JavaTest/src/HelloWorld.java,HelloWorld::main,3,28,Default task
2021-09-02T15:06:34.903+09:00,Lee Dong Hyeon,KeyEvent,65535:16:1,JavaTest,Editor,C:/Users/Lee Dong Hyeon/IdeaProjects/JavaTest/src/HelloWorld.java,HelloWorld::main,3,28,Default task
2021-09-02T15:06:34.954+09:00,Lee Dong Hyeon,KeyEvent,65535:16:1,JavaTest,Editor,C:/Users/Lee Dong Hyeon/IdeaProjects/JavaTest/src/HelloWorld.java,HelloWorld::main,3,28,Default task
2021-09-02T15:06:34.970+09:00,Lee Dong Hyeon,KeyEvent,65535:16:1,JavaTest,Editor,C:/Users/Lee Dong Hyeon/IdeaProjects/JavaTest/src/HelloWorld.java,HelloWorld::main,3,28,Default task
2021-09-02T15:06:35.003+09:00,Lee Dong Hyeon,KeyEvent,65535:16:1,JavaTest,Editor,C:/Users/Lee Dong Hyeon/IdeaProjects/JavaTest/src/HelloWorld.java,HelloWorld::main,3,28,Default task
2021-09-02T15:06:35.054+09:00,Lee Dong Hyeon,KeyEvent,65535:16:1,JavaTest,Editor,C:/Users/Lee Dong Hyeon/IdeaProjects/JavaTest/src/HelloWorld.java,HelloWorld::main,3,28,Default task
2021-09-02T15:06:35.070+09:00,Lee Dong Hyeon,KeyEvent,65535:16:1,JavaTest,Editor,C:/Users/Lee Dong Hyeon/IdeaProjects/JavaTest/src/HelloWorld.java,HelloWorld::main,3,28,Default task
2021-09-02T15:06:35.104+09:00,Lee Dong Hyeon,KeyEvent,65535:16:1,JavaTest,Editor,C:/Users/Lee Dong Hyeon/IdeaProjects/JavaTest/src/HelloWorld.java,HelloWorld::main,3,28,Default task
2021-09-02T15:06:35.137+09:00,Lee Dong Hyeon,KeyEvent,65535:16:1,JavaTest,Editor,C:/Users/Lee Dong Hyeon/IdeaProjects/JavaTest/src/HelloWorld.java,HelloWorld::main,3,28,Default task
2021-09-02T15:06:35.170+09:00,Lee Dong Hyeon,KeyEvent,65535:16:1,JavaTest,Editor,C:/Users/Lee Dong Hyeon/IdeaProjects/JavaTest/src/HelloWorld.java,HelloWorld::main,3,28,Default task
2021-09-02T15:06:35.202+09:00,Lee Dong Hyeon,KeyEvent,65535:16:1,JavaTest,Editor,C:/Users/Lee Dong Hyeon/IdeaProjects/JavaTest/src/HelloWorld.java,HelloWorld::main,3,28,Default task
2021-09-02T15:06:35.238+09:00,Lee Dong Hyeon,KeyEvent,65535:16:1,JavaTest,Editor,C:/Users/Lee Dong Hyeon/IdeaProjects/JavaTest/src/HelloWorld.java,HelloWorld::main,3,28,Default task
2021-09-02T15:06:35.271+09:00,Lee Dong Hyeon,KeyEvent,65535:16:1,JavaTest,Editor,C:/Users/Lee Dong Hyeon/IdeaProjects/JavaTest/src/HelloWorld.java,HelloWorld::main,3,28,Default task
2021-09-02T15:06:35.304+09:00,Lee Dong Hyeon,KeyEvent,65535:16:1,JavaTest,Editor,C:/Users/Lee Dong Hyeon/IdeaProjects/JavaTest/src/HelloWorld.java,HelloWorld::main,3,28,Default task
2021-09-02T15:06:35.336+09:00,Lee Dong Hyeon,KeyEvent,65535:16:1,JavaTest,Editor,C:/Users/Lee Dong Hyeon/IdeaProjects/JavaTest/src/HelloWorld.java,HelloWorld::main,3,28,Default task
2021-09-02T15:06:35.370+09:00,Lee Dong Hyeon,IdeState,Active,JavaTest,Editor,C:/Users/Lee Dong Hyeon/IdeaProjects/JavaTest/src/HelloWorld.java,HelloWorld::main,3,28,Default task
2021-09-02T15:06:35.370+09:00,Lee Dong Hyeon,KeyEvent,65535:16:1,JavaTest,Editor,C:/Users/Lee Dong Hyeon/IdeaProjects/JavaTest/src/HelloWorld.java,HelloWorld::main,3,28,Default task
2021-09-02T15:06:35.401+09:00,Lee Dong Hyeon,KeyEvent,65535:16:1,JavaTest,Editor,C:/Users/Lee Dong Hyeon/IdeaProjects/JavaTest/src/HelloWorld.java,HelloWorld::main,3,28,Default task
2021-09-02T15:06:35.436+09:00,Lee Dong Hyeon,KeyEvent,65535:16:1,JavaTest,Editor,C:/Users/Lee Dong Hyeon/IdeaProjects/JavaTest/src/HelloWorld.java,HelloWorld::main,3,28,Default task
2021-09-02T15:06:35.468+09:00,Lee Dong Hyeon,KeyEvent,65535:16:1,JavaTest,Editor,C:/Users/Lee Dong Hyeon/IdeaProjects/JavaTest/src/HelloWorld.java,HelloWorld::main,3,28,Default task
2021-09-02T15:06:35.500+09:00,Lee Dong Hyeon,KeyEvent,65535:16:1,JavaTest,Editor,C:/Users/Lee Dong Hyeon/IdeaProjects/JavaTest/src/HelloWorld.java,HelloWorld::main,3,28,Default task
2021-09-02T15:06:35.531+09:00,Lee Dong Hyeon,KeyEvent,65535:16:1,JavaTest,Editor,C:/Users/Lee Dong Hyeon/IdeaProjects/JavaTest/src/HelloWorld.java,HelloWorld::main,3,28,Default task
2021-09-02T15:06:35.570+09:00,Lee Dong Hyeon,KeyEvent,65535:16:1,JavaTest,Editor,C:/Users/Lee Dong Hyeon/IdeaProjects/JavaTest/src/HelloWorld.java,HelloWorld::main,3,28,Default task
2021-09-02T15:06:35.603+09:00,Lee Dong Hyeon,KeyEvent,65535:16:1,JavaTest,Editor,C:/Users/Lee Dong Hyeon/IdeaProjects/JavaTest/src/HelloWorld.java,HelloWorld::main,3,28,Default task
2021-09-02T15:06:35.637+09:00,Lee Dong Hyeon,KeyEvent,65535:16:1,JavaTest,Editor,C:/Users/Lee Dong Hyeon/IdeaProjects/JavaTest/src/HelloWorld.java,HelloWorld::main,3,28,Default task
2021-09-02T15:06:35.668+09:00,Lee Dong Hyeon,KeyEvent,65535:16:1,JavaTest,Editor,C:/Users/Lee Dong Hyeon/IdeaProjects/JavaTest/src/HelloWorld.java,HelloWorld::main,3,28,Default task
2021-09-02T15:06:35.704+09:00,Lee Dong Hyeon,KeyEvent,65535:16:1,JavaTest,Editor,C:/Users/Lee Dong Hyeon/IdeaProjects/JavaTest/src/HelloWorld.java,HelloWorld::main,3,28,Default task
2021-09-02T15:06:35.736+09:00,Lee Dong Hyeon,KeyEvent,65535:16:1,JavaTest,Editor,C:/Users/Lee Dong Hyeon/IdeaProjects/JavaTest/src/HelloWorld.java,HelloWorld::main,3,28,Default task
2021-09-02T15:06:35.770+09:00,Lee Dong Hyeon,KeyEvent,65535:16:1,JavaTest,Editor,C:/Users/Lee Dong Hyeon/IdeaProjects/JavaTest/src/HelloWorld.java,HelloWorld::main,3,28,Default task
2021-09-02T15:06:35.803+09:00,Lee Dong Hyeon,KeyEvent,65535:16:1,JavaTest,Editor,C:/Users/Lee Dong Hyeon/IdeaProjects/JavaTest/src/HelloWorld.java,HelloWorld::main,3,28,Default task
2021-09-02T15:06:35.836+09:00,Lee Dong Hyeon,KeyEvent,65535:16:1,JavaTest,Editor,C:/Users/Lee Dong Hyeon/IdeaProjects/JavaTest/src/HelloWorld.java,HelloWorld::main,3,28,Default task
2021-09-02T15:06:35.870+09:00,Lee Dong Hyeon,KeyEvent,65535:16:1,JavaTest,Editor,C:/Users/Lee Dong Hyeon/IdeaProjects/JavaTest/src/HelloWorld.java,HelloWorld::main,3,28,Default task
2021-09-02T15:06:35.904+09:00,Lee Dong Hyeon,KeyEvent,65535:16:1,JavaTest,Editor,C:/Users/Lee Dong Hyeon/IdeaProjects/JavaTest/src/HelloWorld.java,HelloWorld::main,3,28,Default task
2021-09-02T15:06:35.936+09:00,Lee Dong Hyeon,KeyEvent,65535:16:1,JavaTest,Editor,C:/Users/Lee Dong Hyeon/IdeaProjects/JavaTest/src/HelloWorld.java,HelloWorld::main,3,28,Default task
2021-09-02T15:06:35.967+09:00,Lee Dong Hyeon,KeyEvent,65535:16:1,JavaTest,Editor,C:/Users/Lee Dong Hyeon/IdeaProjects/JavaTest/src/HelloWorld.java,HelloWorld::main,3,28,Default task
2021-09-02T15:06:36.003+09:00,Lee Dong Hyeon,KeyEvent,65535:16:1,JavaTest,Editor,C:/Users/Lee Dong Hyeon/IdeaProjects/JavaTest/src/HelloWorld.java,HelloWorld::main,3,28,Default task
2021-09-02T15:06:36.035+09:00,Lee Dong Hyeon,KeyEvent,65535:16:1,JavaTest,Editor,C:/Users/Lee Dong Hyeon/IdeaProjects/JavaTest/src/HelloWorld.java,HelloWorld::main,3,28,Default task
2021-09-02T15:06:36.070+09:00,Lee Dong Hyeon,KeyEvent,65535:16:1,JavaTest,Editor,C:/Users/Lee Dong Hyeon/IdeaProjects/JavaTest/src/HelloWorld.java,HelloWorld::main,3,28,Default task
2021-09-02T15:06:36.101+09:00,Lee Dong Hyeon,KeyEvent,65535:16:1,JavaTest,Editor,C:/Users/Lee Dong Hyeon/IdeaProjects/JavaTest/src/HelloWorld.java,HelloWorld::main,3,28,Default task
2021-09-02T15:06:36.134+09:00,Lee Dong Hyeon,KeyEvent,65535:16:1,JavaTest,Editor,C:/Users/Lee Dong Hyeon/IdeaProjects/JavaTest/src/HelloWorld.java,HelloWorld::main,3,28,Default task
2021-09-02T15:06:36.170+09:00,Lee Dong Hyeon,KeyEvent,65535:16:1,JavaTest,Editor,C:/Users/Lee Dong Hyeon/IdeaProjects/JavaTest/src/HelloWorld.java,HelloWorld::main,3,28,Default task
2021-09-02T15:06:36.202+09:00,Lee Dong Hyeon,KeyEvent,65535:16:1,JavaTest,Editor,C:/Users/Lee Dong Hyeon/IdeaProjects/JavaTest/src/HelloWorld.java,HelloWorld::main,3,28,Default task
2021-09-02T15:06:36.237+09:00,Lee Dong Hyeon,KeyEvent,65535:16:1,JavaTest,Editor,C:/Users/Lee Dong Hyeon/IdeaProjects/JavaTest/src/HelloWorld.java,HelloWorld::main,3,28,Default task
2021-09-02T15:06:36.270+09:00,Lee Dong Hyeon,KeyEvent,65535:16:1,JavaTest,Editor,C:/Users/Lee Dong Hyeon/IdeaProjects/JavaTest/src/HelloWorld.java,HelloWorld::main,3,28,Default task
2021-09-02T15:06:36.288+09:00,Lee Dong Hyeon,KeyEvent,65535:16:1,JavaTest,Editor,C:/Users/Lee Dong Hyeon/IdeaProjects/JavaTest/src/HelloWorld.java,HelloWorld::main,3,28,Default task
2021-09-02T15:06:36.337+09:00,Lee Dong Hyeon,KeyEvent,65535:16:1,JavaTest,Editor,C:/Users/Lee Dong Hyeon/IdeaProjects/JavaTest/src/HelloWorld.java,HelloWorld::main,3,28,Default task
2021-09-02T15:06:36.355+09:00,Lee Dong Hyeon,KeyEvent,65535:16:1,JavaTest,Editor,C:/Users/Lee Dong Hyeon/IdeaProjects/JavaTest/src/HelloWorld.java,HelloWorld::main,3,28,Default task
2021-09-02T15:06:36.370+09:00,Lee Dong Hyeon,IdeState,Active,JavaTest,Editor,C:/Users/Lee Dong Hyeon/IdeaProjects/JavaTest/src/HelloWorld.java,HelloWorld::main,3,28,Default task
2021-09-02T15:06:37.376+09:00,Lee Dong Hyeon,IdeState,Inactive,,,,,-1,-1,
2021-09-02T15:06:38.389+09:00,Lee Dong Hyeon,IdeState,Inactive,,,,,-1,-1,
2021-09-02T15:06:39.401+09:00,Lee Dong Hyeon,IdeState,Inactive,,,,,-1,-1,
2021-09-02T15:06:40.401+09:00,Lee Dong Hyeon,IdeState,Active,JavaTest,Editor,C:/Users/Lee Dong Hyeon/IdeaProjects/JavaTest/src/HelloWorld.java,HelloWorld::main,3,28,Default task
2021-09-02T15:06:41.413+09:00,Lee Dong Hyeon,IdeState,Active,JavaTest,Editor,C:/Users/Lee Dong Hyeon/IdeaProjects/JavaTest/src/HelloWorld.java,HelloWorld::main,3,28,Default task
2021-09-02T15:06:42.421+09:00,Lee Dong Hyeon,IdeState,Active,JavaTest,Editor,C:/Users/Lee Dong Hyeon/IdeaProjects/JavaTest/src/HelloWorld.java,HelloWorld::main,3,28,Default task
2021-09-02T15:06:42.972+09:00,Lee Dong Hyeon,KeyEvent,65535:16:1,JavaTest,Editor,C:/Users/Lee Dong Hyeon/IdeaProjects/JavaTest/src/HelloWorld.java,HelloWorld::main,3,28,Default task
2021-09-02T15:06:43.070+09:00,Lee Dong Hyeon,KeyEvent,72:72:1,JavaTest,Editor,C:/Users/Lee Dong Hyeon/IdeaProjects/JavaTest/src/HelloWorld.java,HelloWorld::main,3,28,Default task
2021-09-02T15:06:43.353+09:00,Lee Dong Hyeon,KeyEvent,101:69:0,JavaTest,Editor,C:/Users/Lee Dong Hyeon/IdeaProjects/JavaTest/src/HelloWorld.java,HelloWorld::main,3,29,Default task
2021-09-02T15:06:43.421+09:00,Lee Dong Hyeon,IdeState,Active,JavaTest,Editor,C:/Users/Lee Dong Hyeon/IdeaProjects/JavaTest/src/HelloWorld.java,HelloWorld::main,3,30,Default task
2021-09-02T15:06:43.621+09:00,Lee Dong Hyeon,KeyEvent,108:76:0,JavaTest,Editor,C:/Users/Lee Dong Hyeon/IdeaProjects/JavaTest/src/HelloWorld.java,HelloWorld::main,3,30,Default task
2021-09-02T15:06:43.744+09:00,Lee Dong Hyeon,KeyEvent,108:76:0,JavaTest,Editor,C:/Users/Lee Dong Hyeon/IdeaProjects/JavaTest/src/HelloWorld.java,HelloWorld::main,3,31,Default task
2021-09-02T15:06:43.921+09:00,Lee Dong Hyeon,KeyEvent,111:79:0,JavaTest,Editor,C:/Users/Lee Dong Hyeon/IdeaProjects/JavaTest/src/HelloWorld.java,HelloWorld::main,3,32,Default task
2021-09-02T15:06:44.436+09:00,Lee Dong Hyeon,IdeState,Active,JavaTest,Editor,C:/Users/Lee Dong Hyeon/IdeaProjects/JavaTest/src/HelloWorld.java,HelloWorld::main,3,33,Default task
2021-09-02T15:06:45.170+09:00,Lee Dong Hyeon,KeyEvent,44:44:0,JavaTest,Editor,C:/Users/Lee Dong Hyeon/IdeaProjects/JavaTest/src/HelloWorld.java,HelloWorld::main,3,33,Default task
2021-09-02T15:06:45.266+09:00,Lee Dong Hyeon,KeyEvent,32:32:0,JavaTest,Editor,C:/Users/Lee Dong Hyeon/IdeaProjects/JavaTest/src/HelloWorld.java,HelloWorld::main,3,34,Default task
2021-09-02T15:06:45.329+09:00,Lee Dong Hyeon,KeyEvent,65535:16:1,JavaTest,Editor,C:/Users/Lee Dong Hyeon/IdeaProjects/JavaTest/src/HelloWorld.java,HelloWorld::main,3,35,Default task
2021-09-02T15:06:45.403+09:00,Lee Dong Hyeon,KeyEvent,87:87:1,JavaTest,Editor,C:/Users/Lee Dong Hyeon/IdeaProjects/JavaTest/src/HelloWorld.java,HelloWorld::main,3,35,Default task
2021-09-02T15:06:45.455+09:00,Lee Dong Hyeon,IdeState,Active,JavaTest,Editor,C:/Users/Lee Dong Hyeon/IdeaProjects/JavaTest/src/HelloWorld.java,HelloWorld::main,3,36,Default task
2021-09-02T15:06:45.538+09:00,Lee Dong Hyeon,KeyEvent,111:79:0,JavaTest,Editor,C:/Users/Lee Dong Hyeon/IdeaProjects/JavaTest/src/HelloWorld.java,HelloWorld::main,3,36,Default task
2021-09-02T15:06:45.687+09:00,Lee Dong Hyeon,KeyEvent,114:82:0,JavaTest,Editor,C:/Users/Lee Dong Hyeon/IdeaProjects/JavaTest/src/HelloWorld.java,HelloWorld::main,3,37,Default task
2021-09-02T15:06:45.839+09:00,Lee Dong Hyeon,KeyEvent,108:76:0,JavaTest,Editor,C:/Users/Lee Dong Hyeon/IdeaProjects/JavaTest/src/HelloWorld.java,HelloWorld::main,3,38,Default task
2021-09-02T15:06:45.955+09:00,Lee Dong Hyeon,KeyEvent,100:68:0,JavaTest,Editor,C:/Users/Lee Dong Hyeon/IdeaProjects/JavaTest/src/HelloWorld.java,HelloWorld::main,3,39,Default task
2021-09-02T15:06:46.164+09:00,Lee Dong Hyeon,KeyEvent,32:32:0,JavaTest,Editor,C:/Users/Lee Dong Hyeon/IdeaProjects/JavaTest/src/HelloWorld.java,HelloWorld::main,3,40,Default task
2021-09-02T15:06:46.467+09:00,Lee Dong Hyeon,IdeState,Active,JavaTest,Editor,C:/Users/Lee Dong Hyeon/IdeaProjects/JavaTest/src/HelloWorld.java,HelloWorld::main,3,41,Default task
2021-09-02T15:06:47.002+09:00,Lee Dong Hyeon,KeyEvent,50:50:0,JavaTest,Editor,C:/Users/Lee Dong Hyeon/IdeaProjects/JavaTest/src/HelloWorld.java,HelloWorld::main,3,41,Default task
2021-09-02T15:06:47.105+09:00,Lee Dong Hyeon,KeyEvent,48:48:0,JavaTest,Editor,C:/Users/Lee Dong Hyeon/IdeaProjects/JavaTest/src/HelloWorld.java,HelloWorld::main,3,42,Default task
2021-09-02T15:06:47.188+09:00,Lee Dong Hyeon,KeyEvent,49:49:0,JavaTest,Editor,C:/Users/Lee Dong Hyeon/IdeaProjects/JavaTest/src/HelloWorld.java,HelloWorld::main,3,43,Default task
2021-09-02T15:06:47.321+09:00,Lee Dong Hyeon,KeyEvent,56:56:0,JavaTest,Editor,C:/Users/Lee Dong Hyeon/IdeaProjects/JavaTest/src/HelloWorld.java,HelloWorld::main,3,44,Default task
2021-09-02T15:06:47.393+09:00,Lee Dong Hyeon,KeyEvent,50:50:0,JavaTest,Editor,C:/Users/Lee Dong Hyeon/IdeaProjects/JavaTest/src/HelloWorld.java,HelloWorld::main,3,45,Default task
2021-09-02T15:06:47.468+09:00,Lee Dong Hyeon,IdeState,Active,JavaTest,Editor,C:/Users/Lee Dong Hyeon/IdeaProjects/JavaTest/src/HelloWorld.java,HelloWorld::main,3,46,Default task
2021-09-02T15:06:47.487+09:00,Lee Dong Hyeon,KeyEvent,52:52:0,JavaTest,Editor,C:/Users/Lee Dong Hyeon/IdeaProjects/JavaTest/src/HelloWorld.java,HelloWorld::main,3,46,Default task
2021-09-02T15:06:47.672+09:00,Lee Dong Hyeon,KeyEvent,53:53:0,JavaTest,Editor,C:/Users/Lee Dong Hyeon/IdeaProjects/JavaTest/src/HelloWorld.java,HelloWorld::main,3,47,Default task
2021-09-02T15:06:47.833+09:00,Lee Dong Hyeon,KeyEvent,52:52:0,JavaTest,Editor,C:/Users/Lee Dong Hyeon/IdeaProjects/JavaTest/src/HelloWorld.java,HelloWorld::main,3,48,Default task
2021-09-02T15:06:47.921+09:00,Lee Dong Hyeon,KeyEvent,51:51:0,JavaTest,Editor,C:/Users/Lee Dong Hyeon/IdeaProjects/JavaTest/src/HelloWorld.java,HelloWorld::main,3,49,Default task
2021-09-02T15:06:48.103+09:00,Lee Dong Hyeon,KeyEvent,65535:16:1,JavaTest,Editor,C:/Users/Lee Dong Hyeon/IdeaProjects/JavaTest/src/HelloWorld.java,HelloWorld::main,3,50,Default task
2021-09-02T15:06:48.169+09:00,Lee Dong Hyeon,KeyEvent,33:49:1,JavaTest,Editor,C:/Users/Lee Dong Hyeon/IdeaProjects/JavaTest/src/HelloWorld.java,HelloWorld::main,3,50,Default task
2021-09-02T15:06:48.470+09:00,Lee Dong Hyeon,IdeState,Active,JavaTest,Editor,C:/Users/Lee Dong Hyeon/IdeaProjects/JavaTest/src/HelloWorld.java,HelloWorld::main,3,51,Default task
2021-09-02T15:06:48.870+09:00,Lee Dong Hyeon,Action,EditorRight,JavaTest,Editor,C:/Users/Lee Dong Hyeon/IdeaProjects/JavaTest/src/HelloWorld.java,HelloWorld::main,3,51,Default task
2021-09-02T15:06:48.870+09:00,Lee Dong Hyeon,KeyEvent,65535:39:0,JavaTest,Editor,C:/Users/Lee Dong Hyeon/IdeaProjects/JavaTest/src/HelloWorld.java,HelloWorld::main,3,52,Default task
2021-09-02T15:06:49.058+09:00,Lee Dong Hyeon,Action,EditorRight,JavaTest,Editor,C:/Users/Lee Dong Hyeon/IdeaProjects/JavaTest/src/HelloWorld.java,HelloWorld::main,3,52,Default task
2021-09-02T15:06:49.059+09:00,Lee Dong Hyeon,KeyEvent,65535:39:0,JavaTest,Editor,C:/Users/Lee Dong Hyeon/IdeaProjects/JavaTest/src/HelloWorld.java,HelloWorld::main,3,53,Default task
2021-09-02T15:06:49.304+09:00,Lee Dong Hyeon,Action,EditorRight,JavaTest,Editor,C:/Users/Lee Dong Hyeon/IdeaProjects/JavaTest/src/HelloWorld.java,HelloWorld::main,3,53,Default task
2021-09-02T15:06:49.321+09:00,Lee Dong Hyeon,KeyEvent,65535:39:0,JavaTest,Editor,C:/Users/Lee Dong Hyeon/IdeaProjects/JavaTest/src/HelloWorld.java,HelloWorld::main,3,54,Default task
2021-09-02T15:06:49.486+09:00,Lee Dong Hyeon,IdeState,Active,JavaTest,Editor,C:/Users/Lee Dong Hyeon/IdeaProjects/JavaTest/src/HelloWorld.java,HelloWorld::main,3,54,Default task
2021-09-02T15:06:50.270+09:00,Lee Dong Hyeon,Action,EditorDown,JavaTest,Editor,C:/Users/Lee Dong Hyeon/IdeaProjects/JavaTest/src/HelloWorld.java,HelloWorld::main,3,54,Default task
2021-09-02T15:06:50.270+09:00,Lee Dong Hyeon,KeyEvent,65535:40:0,JavaTest,Editor,C:/Users/Lee Dong Hyeon/IdeaProjects/JavaTest/src/HelloWorld.java,,4,5,Default task
2021-09-02T15:06:50.486+09:00,Lee Dong Hyeon,IdeState,Active,JavaTest,Editor,C:/Users/Lee Dong Hyeon/IdeaProjects/JavaTest/src/HelloWorld.java,,4,5,Default task
2021-09-02T15:06:50.565+09:00,Lee Dong Hyeon,Action,EditorDown,JavaTest,Editor,C:/Users/Lee Dong Hyeon/IdeaProjects/JavaTest/src/HelloWorld.java,,4,5,Default task
2021-09-02T15:06:50.568+09:00,Lee Dong Hyeon,KeyEvent,65535:40:0,JavaTest,Editor,C:/Users/Lee Dong Hyeon/IdeaProjects/JavaTest/src/HelloWorld.java,,5,1,Default task
2021-09-02T15:06:51.501+09:00,Lee Dong Hyeon,IdeState,Active,JavaTest,Editor,C:/Users/Lee Dong Hyeon/IdeaProjects/JavaTest/src/HelloWorld.java,,5,1,Default task
2021-09-02T15:06:51.839+09:00,Lee Dong Hyeon,Action,EditorUp,JavaTest,Editor,C:/Users/Lee Dong Hyeon/IdeaProjects/JavaTest/src/HelloWorld.java,,5,1,Default task
2021-09-02T15:06:51.839+09:00,Lee Dong Hyeon,KeyEvent,65535:38:0,JavaTest,Editor,C:/Users/Lee Dong Hyeon/IdeaProjects/JavaTest/src/HelloWorld.java,,4,5,Default task
2021-09-02T15:06:52.322+09:00,Lee Dong Hyeon,Action,EditorEnter,JavaTest,Editor,C:/Users/Lee Dong Hyeon/IdeaProjects/JavaTest/src/HelloWorld.java,,4,5,Default task
2021-09-02T15:06:52.326+09:00,Lee Dong Hyeon,KeyEvent,10:10:0,JavaTest,Editor,C:/Users/Lee Dong Hyeon/IdeaProjects/JavaTest/src/HelloWorld.java,,5,4,Default task
2021-09-02T15:06:52.504+09:00,Lee Dong Hyeon,IdeState,Active,JavaTest,Editor,C:/Users/Lee Dong Hyeon/IdeaProjects/JavaTest/src/HelloWorld.java,,5,4,Default task
2021-09-02T15:06:52.554+09:00,Lee Dong Hyeon,Action,EditorDown,JavaTest,Editor,C:/Users/Lee Dong Hyeon/IdeaProjects/JavaTest/src/HelloWorld.java,,5,4,Default task
2021-09-02T15:06:52.554+09:00,Lee Dong Hyeon,KeyEvent,65535:40:0,JavaTest,Editor,C:/Users/Lee Dong Hyeon/IdeaProjects/JavaTest/src/HelloWorld.java,,6,1,Default task
2021-09-02T15:06:52.805+09:00,Lee Dong Hyeon,Action,EditorDown,JavaTest,Editor,C:/Users/Lee Dong Hyeon/IdeaProjects/JavaTest/src/HelloWorld.java,,6,1,Default task
2021-09-02T15:06:52.805+09:00,Lee Dong Hyeon,KeyEvent,65535:40:0,JavaTest,Editor,C:/Users/Lee Dong Hyeon/IdeaProjects/JavaTest/src/HelloWorld.java,,7,0,Default task
2021-09-02T15:06:53.501+09:00,Lee Dong Hyeon,Action,EditorDown,JavaTest,Editor,C:/Users/Lee Dong Hyeon/IdeaProjects/JavaTest/src/HelloWorld.java,,7,0,Default task
2021-09-02T15:06:53.503+09:00,Lee Dong Hyeon,KeyEvent,65535:40:0,JavaTest,Editor,C:/Users/Lee Dong Hyeon/IdeaProjects/JavaTest/src/HelloWorld.java,,7,0,Default task
2021-09-02T15:06:53.521+09:00,Lee Dong Hyeon,IdeState,Active,JavaTest,Editor,C:/Users/Lee Dong Hyeon/IdeaProjects/JavaTest/src/HelloWorld.java,,7,0,Default task
2021-09-02T15:06:53.705+09:00,Lee Dong Hyeon,Action,EditorDown,JavaTest,Editor,C:/Users/Lee Dong Hyeon/IdeaProjects/JavaTest/src/HelloWorld.java,,7,0,Default task
2021-09-02T15:06:53.705+09:00,Lee Dong Hyeon,KeyEvent,65535:40:0,JavaTest,Editor,C:/Users/Lee Dong Hyeon/IdeaProjects/JavaTest/src/HelloWorld.java,,7,0,Default task
2021-09-02T15:06:54.137+09:00,Lee Dong Hyeon,Action,EditorBackSpace,JavaTest,Editor,C:/Users/Lee Dong Hyeon/IdeaProjects/JavaTest/src/HelloWorld.java,,7,0,Default task
2021-09-02T15:06:54.137+09:00,Lee Dong Hyeon,KeyEvent,8:8:0,JavaTest,Editor,C:/Users/Lee Dong Hyeon/IdeaProjects/JavaTest/src/HelloWorld.java,,6,1,Default task
2021-09-02T15:06:54.531+09:00,Lee Dong Hyeon,IdeState,Active,JavaTest,Editor,C:/Users/Lee Dong Hyeon/IdeaProjects/JavaTest/src/HelloWorld.java,,6,1,Default task
2021-09-02T15:06:55.554+09:00,Lee Dong Hyeon,IdeState,Active,JavaTest,Editor,C:/Users/Lee Dong Hyeon/IdeaProjects/JavaTest/src/HelloWorld.java,,6,1,Default task
2021-09-02T15:06:56.559+09:00,Lee Dong Hyeon,IdeState,Active,JavaTest,Editor,C:/Users/Lee Dong Hyeon/IdeaProjects/JavaTest/src/HelloWorld.java,,6,1,Default task
2021-09-02T15:06:57.567+09:00,Lee Dong Hyeon,IdeState,Active,JavaTest,Editor,C:/Users/Lee Dong Hyeon/IdeaProjects/JavaTest/src/HelloWorld.java,,6,1,Default task
2021-09-02T15:06:58.568+09:00,Lee Dong Hyeon,IdeState,Active,JavaTest,Editor,C:/Users/Lee Dong Hyeon/IdeaProjects/JavaTest/src/HelloWorld.java,,6,1,Default task
2021-09-02T15:06:59.569+09:00,Lee Dong Hyeon,IdeState,Active,JavaTest,Editor,C:/Users/Lee Dong Hyeon/IdeaProjects/JavaTest/src/HelloWorld.java,,6,1,Default task
2021-09-02T15:07:00.570+09:00,Lee Dong Hyeon,IdeState,Active,JavaTest,Editor,C:/Users/Lee Dong Hyeon/IdeaProjects/JavaTest/src/HelloWorld.java,,6,1,Default task
2021-09-02T15:07:01.587+09:00,Lee Dong Hyeon,IdeState,Active,JavaTest,Editor,C:/Users/Lee Dong Hyeon/IdeaProjects/JavaTest/src/HelloWorld.java,,6,1,Default task
2021-09-02T15:07:01.705+09:00,Lee Dong Hyeon,KeyEvent,65535:17:2,JavaTest,Editor,C:/Users/Lee Dong Hyeon/IdeaProjects/JavaTest/src/HelloWorld.java,,6,1,Default task
2021-09-02T15:07:01.835+09:00,Lee Dong Hyeon,Action,SaveAll,JavaTest,Editor,C:/Users/Lee Dong Hyeon/IdeaProjects/JavaTest/src/HelloWorld.java,,6,1,Default task
2021-09-02T15:07:01.854+09:00,Lee Dong Hyeon,KeyEvent,19:83:2,JavaTest,Editor,C:/Users/Lee Dong Hyeon/IdeaProjects/JavaTest/src/HelloWorld.java,,6,1,Default task
2021-09-02T15:07:02.601+09:00,Lee Dong Hyeon,IdeState,Active,JavaTest,Editor,C:/Users/Lee Dong Hyeon/IdeaProjects/JavaTest/src/HelloWorld.java,,6,1,Default task
2021-09-02T15:07:03.615+09:00,Lee Dong Hyeon,IdeState,Active,JavaTest,Editor,C:/Users/Lee Dong Hyeon/IdeaProjects/JavaTest/src/HelloWorld.java,,6,1,Default task
2021-09-02T15:07:04.621+09:00,Lee Dong Hyeon,IdeState,Active,JavaTest,Editor,C:/Users/Lee Dong Hyeon/IdeaProjects/JavaTest/src/HelloWorld.java,,6,1,Default task
2021-09-02T15:07:05.633+09:00,Lee Dong Hyeon,IdeState,Active,JavaTest,Popup,C:/Users/Lee Dong Hyeon/IdeaProjects/JavaTest/src/HelloWorld.java,,6,1,Default task
2021-09-02T15:07:06.637+09:00,Lee Dong Hyeon,IdeState,Active,JavaTest,Popup,C:/Users/Lee Dong Hyeon/IdeaProjects/JavaTest/src/HelloWorld.java,,6,1,Default task
2021-09-02T15:07:07.654+09:00,Lee Dong Hyeon,IdeState,Active,JavaTest,Popup,C:/Users/Lee Dong Hyeon/IdeaProjects/JavaTest/src/HelloWorld.java,,6,1,Default task
2021-09-02T15:07:08.667+09:00,Lee Dong Hyeon,IdeState,Active,JavaTest,Popup,C:/Users/Lee Dong Hyeon/IdeaProjects/JavaTest/src/HelloWorld.java,,5,0,Default task
2021-09-02T15:07:09.687+09:00,Lee Dong Hyeon,IdeState,Active,JavaTest,Popup,C:/Users/Lee Dong Hyeon/IdeaProjects/JavaTest/src/HelloWorld.java,,5,0,Default task
2021-09-02T15:07:10.702+09:00,Lee Dong Hyeon,IdeState,Active,JavaTest,Popup,C:/Users/Lee Dong Hyeon/IdeaProjects/JavaTest/src/HelloWorld.java,,5,0,Default task
2021-09-02T15:07:11.721+09:00,Lee Dong Hyeon,IdeState,Active,JavaTest,Popup,C:/Users/Lee Dong Hyeon/IdeaProjects/JavaTest/src/HelloWorld.java,,5,0,Default task
2021-09-02T15:07:12.735+09:00,Lee Dong Hyeon,IdeState,Active,JavaTest,Editor,C:/Users/Lee Dong Hyeon/IdeaProjects/JavaTest/src/HelloWorld.java,,6,1,Default task
2021-09-02T15:07:13.754+09:00,Lee Dong Hyeon,IdeState,Active,JavaTest,Popup,C:/Users/Lee Dong Hyeon/IdeaProjects/JavaTest/src/HelloWorld.java,,6,1,Default task
2021-09-02T15:07:14.770+09:00,Lee Dong Hyeon,IdeState,Active,JavaTest,Editor,C:/Users/Lee Dong Hyeon/IdeaProjects/JavaTest/src/HelloWorld.java,,6,1,Default task
2021-09-02T15:07:15.788+09:00,Lee Dong Hyeon,IdeState,Active,JavaTest,Editor,C:/Users/Lee Dong Hyeon/IdeaProjects/JavaTest/src/HelloWorld.java,,6,1,Default task
2021-09-02T15:07:16.801+09:00,Lee Dong Hyeon,IdeState,Active,JavaTest,Editor,C:/Users/Lee Dong Hyeon/IdeaProjects/JavaTest/src/HelloWorld.java,,6,1,Default task
2021-09-02T15:07:17.821+09:00,Lee Dong Hyeon,IdeState,Active,JavaTest,Editor,C:/Users/Lee Dong Hyeon/IdeaProjects/JavaTest/src/HelloWorld.java,,6,1,Default task
2021-09-02T15:07:18.834+09:00,Lee Dong Hyeon,IdeState,Active,JavaTest,Editor,C:/Users/Lee Dong Hyeon/IdeaProjects/JavaTest/src/HelloWorld.java,,6,1,Default task
2021-09-02T15:07:19.836+09:00,Lee Dong Hyeon,IdeState,Active,JavaTest,Editor,C:/Users/Lee Dong Hyeon/IdeaProjects/JavaTest/src/HelloWorld.java,,6,1,Default task
2021-09-02T15:07:20.853+09:00,Lee Dong Hyeon,IdeState,Active,JavaTest,Editor,C:/Users/Lee Dong Hyeon/IdeaProjects/JavaTest/src/HelloWorld.java,,6,1,Default task
2021-09-02T15:07:21.854+09:00,Lee Dong Hyeon,IdeState,Active,JavaTest,Editor,C:/Users/Lee Dong Hyeon/IdeaProjects/JavaTest/src/HelloWorld.java,,6,1,Default task
2021-09-02T15:07:22.868+09:00,Lee Dong Hyeon,IdeState,Active,JavaTest,Editor,C:/Users/Lee Dong Hyeon/IdeaProjects/JavaTest/src/HelloWorld.java,,6,1,Default task
2021-09-02T15:07:23.869+09:00,Lee Dong Hyeon,IdeState,Active,JavaTest,Editor,C:/Users/Lee Dong Hyeon/IdeaProjects/JavaTest/src/HelloWorld.java,,6,1,Default task
2021-09-02T15:07:24.887+09:00,Lee Dong Hyeon,IdeState,Active,JavaTest,Editor,C:/Users/Lee Dong Hyeon/IdeaProjects/JavaTest/src/HelloWorld.java,,6,1,Default task
2021-09-02T15:07:25.902+09:00,Lee Dong Hyeon,IdeState,Active,JavaTest,Editor,C:/Users/Lee Dong Hyeon/IdeaProjects/JavaTest/src/HelloWorld.java,,6,1,Default task
2021-09-02T15:07:26.920+09:00,Lee Dong Hyeon,IdeState,Active,JavaTest,Editor,C:/Users/Lee Dong Hyeon/IdeaProjects/JavaTest/src/HelloWorld.java,,6,1,Default task
2021-09-02T15:07:27.928+09:00,Lee Dong Hyeon,IdeState,Active,JavaTest,Editor,C:/Users/Lee Dong Hyeon/IdeaProjects/JavaTest/src/HelloWorld.java,,6,1,Default task
2021-09-02T15:07:28.931+09:00,Lee Dong Hyeon,IdeState,Active,JavaTest,Editor,C:/Users/Lee Dong Hyeon/IdeaProjects/JavaTest/src/HelloWorld.java,,6,1,Default task
2021-09-02T15:07:29.936+09:00,Lee Dong Hyeon,IdeState,Active,JavaTest,Editor,C:/Users/Lee Dong Hyeon/IdeaProjects/JavaTest/src/HelloWorld.java,,6,1,Default task
2021-09-02T15:07:30.954+09:00,Lee Dong Hyeon,IdeState,Active,JavaTest,Editor,C:/Users/Lee Dong Hyeon/IdeaProjects/JavaTest/src/HelloWorld.java,,6,1,Default task
2021-09-02T15:07:31.969+09:00,Lee Dong Hyeon,IdeState,Active,JavaTest,Editor,C:/Users/Lee Dong Hyeon/IdeaProjects/JavaTest/src/HelloWorld.java,,6,1,Default task
2021-09-02T15:07:32.983+09:00,Lee Dong Hyeon,IdeState,Active,JavaTest,Editor,C:/Users/Lee Dong Hyeon/IdeaProjects/JavaTest/src/HelloWorld.java,,6,1,Default task
2021-09-02T15:07:33.987+09:00,Lee Dong Hyeon,IdeState,Active,JavaTest,Editor,C:/Users/Lee Dong Hyeon/IdeaProjects/JavaTest/src/HelloWorld.java,,6,1,Default task
2021-09-02T15:07:34.988+09:00,Lee Dong Hyeon,IdeState,Active,JavaTest,Popup,C:/Users/Lee Dong Hyeon/IdeaProjects/JavaTest/src/HelloWorld.java,,6,1,Default task
2021-09-02T15:07:36.000+09:00,Lee Dong Hyeon,IdeState,Active,JavaTest,Popup,C:/Users/Lee Dong Hyeon/IdeaProjects/JavaTest/src/HelloWorld.java,,6,1,Default task
2021-09-02T15:07:37.001+09:00,Lee Dong Hyeon,IdeState,Active,JavaTest,Popup,C:/Users/Lee Dong Hyeon/IdeaProjects/JavaTest/src/HelloWorld.java,,6,1,Default task
2021-09-02T15:07:38.015+09:00,Lee Dong Hyeon,IdeState,Active,JavaTest,Popup,C:/Users/Lee Dong Hyeon/IdeaProjects/JavaTest/src/HelloWorld.java,,6,1,Default task
2021-09-02T15:07:39.020+09:00,Lee Dong Hyeon,IdeState,Active,JavaTest,Popup,C:/Users/Lee Dong Hyeon/IdeaProjects/JavaTest/src/HelloWorld.java,,6,1,Default task
2021-09-02T15:07:40.033+09:00,Lee Dong Hyeon,IdeState,Active,JavaTest,Popup,C:/Users/Lee Dong Hyeon/IdeaProjects/JavaTest/src/HelloWorld.java,,6,1,Default task
2021-09-02T15:07:41.050+09:00,Lee Dong Hyeon,IdeState,Active,JavaTest,Popup,C:/Users/Lee Dong Hyeon/IdeaProjects/JavaTest/src/HelloWorld.java,,6,1,Default task
2021-09-02T15:07:42.054+09:00,Lee Dong Hyeon,IdeState,Inactive,,,,,-1,-1,
2021-09-02T15:07:43.054+09:00,Lee Dong Hyeon,IdeState,Inactive,,,,,-1,-1,
2021-09-02T15:07:44.070+09:00,Lee Dong Hyeon,IdeState,Inactive,,,,,-1,-1,
2021-09-02T15:07:45.087+09:00,Lee Dong Hyeon,IdeState,Inactive,,,,,-1,-1,
2021-09-02T15:07:46.101+09:00,Lee Dong Hyeon,IdeState,Inactive,,,,,-1,-1,
2021-09-02T15:07:47.103+09:00,Lee Dong Hyeon,IdeState,Inactive,,,,,-1,-1,
2021-09-02T15:07:48.118+09:00,Lee Dong Hyeon,IdeState,Inactive,,,,,-1,-1,
2021-09-02T15:07:49.121+09:00,Lee Dong Hyeon,IdeState,Inactive,,,,,-1,-1,
2021-09-02T15:07:50.136+09:00,Lee Dong Hyeon,IdeState,Inactive,,,,,-1,-1,
2021-09-02T15:07:51.152+09:00,Lee Dong Hyeon,IdeState,Inactive,,,,,-1,-1,
2021-09-02T15:07:52.153+09:00,Lee Dong Hyeon,IdeState,Inactive,,,,,-1,-1,
2021-09-02T15:07:53.154+09:00,Lee Dong Hyeon,IdeState,Inactive,,,,,-1,-1,
2021-09-02T15:07:54.167+09:00,Lee Dong Hyeon,IdeState,Inactive,,,,,-1,-1,
2021-09-02T15:07:55.169+09:00,Lee Dong Hyeon,IdeState,Inactive,,,,,-1,-1,
2021-09-02T15:07:56.169+09:00,Lee Dong Hyeon,IdeState,Inactive,,,,,-1,-1,
2021-09-02T15:07:57.187+09:00,Lee Dong Hyeon,IdeState,Inactive,,,,,-1,-1,
2021-09-02T15:07:58.202+09:00,Lee Dong Hyeon,IdeState,Inactive,,,,,-1,-1,
2021-09-02T15:07:59.206+09:00,Lee Dong Hyeon,IdeState,Inactive,,,,,-1,-1,
2021-09-02T15:08:00.220+09:00,Lee Dong Hyeon,IdeState,Inactive,,,,,-1,-1,
2021-09-02T15:08:01.220+09:00,Lee Dong Hyeon,IdeState,Inactive,,,,,-1,-1,
2021-09-02T15:08:02.233+09:00,Lee Dong Hyeon,IdeState,Inactive,,,,,-1,-1,
2021-09-02T15:08:03.234+09:00,Lee Dong Hyeon,IdeState,Inactive,,,,,-1,-1,
2021-09-02T15:08:04.234+09:00,Lee Dong Hyeon,IdeState,Inactive,,,,,-1,-1,
2021-09-02T15:08:05.235+09:00,Lee Dong Hyeon,IdeState,Inactive,,,,,-1,-1,
2021-09-02T15:08:06.251+09:00,Lee Dong Hyeon,IdeState,Inactive,,,,,-1,-1,
2021-09-02T15:08:07.253+09:00,Lee Dong Hyeon,IdeState,Inactive,,,,,-1,-1,
2021-09-02T15:08:08.254+09:00,Lee Dong Hyeon,IdeState,Active,JavaTest,Editor,C:/Users/Lee Dong Hyeon/IdeaProjects/JavaTest/src/HelloWorld.java,,6,1,Default task
2021-09-02T15:08:09.269+09:00,Lee Dong Hyeon,IdeState,Active,JavaTest,Popup,C:/Users/Lee Dong Hyeon/IdeaProjects/JavaTest/src/HelloWorld.java,,6,1,Default task
2021-09-02T15:08:10.282+09:00,Lee Dong Hyeon,IdeState,Active,JavaTest,Popup,C:/Users/Lee Dong Hyeon/IdeaProjects/JavaTest/src/HelloWorld.java,,6,1,Default task
2021-09-02T15:08:11.284+09:00,Lee Dong Hyeon,IdeState,Active,JavaTest,Editor,C:/Users/Lee Dong Hyeon/AppData/Roaming/JetBrains/IdeaIC2021.2/plugins/activity-tracker/ide-events.csv,,0,0,Default task
2021-09-02T15:08:12.299+09:00,Lee Dong Hyeon,IdeState,Active,JavaTest,Editor,C:/Users/Lee Dong Hyeon/AppData/Roaming/JetBrains/IdeaIC2021.2/plugins/activity-tracker/ide-events.csv,,0,0,Default task
2021-09-02T15:08:13.302+09:00,Lee Dong Hyeon,IdeState,Active,JavaTest,Editor,C:/Users/Lee Dong Hyeon/AppData/Roaming/JetBrains/IdeaIC2021.2/plugins/activity-tracker/ide-events.csv,,0,0,Default task
2021-09-02T15:08:14.318+09:00,Lee Dong Hyeon,IdeState,Active,JavaTest,Editor,C:/Users/Lee Dong Hyeon/AppData/Roaming/JetBrains/IdeaIC2021.2/plugins/activity-tracker/ide-events.csv,,0,0,Default task
2021-09-02T15:08:15.333+09:00,Lee Dong Hyeon,IdeState,Active,JavaTest,Editor,C:/Users/Lee Dong Hyeon/AppData/Roaming/JetBrains/IdeaIC2021.2/plugins/activity-tracker/ide-events.csv,,0,0,Default task
2021-09-02T15:08:16.338+09:00,Lee Dong Hyeon,IdeState,Active,JavaTest,Editor,C:/Users/Lee Dong Hyeon/AppData/Roaming/JetBrains/IdeaIC2021.2/plugins/activity-tracker/ide-events.csv,,0,0,Default task
2021-09-02T15:08:17.353+09:00,Lee Dong Hyeon,IdeState,Active,JavaTest,Editor,C:/Users/Lee Dong Hyeon/AppData/Roaming/JetBrains/IdeaIC2021.2/plugins/activity-tracker/ide-events.csv,,0,0,Default task
2021-09-02T15:08:18.366+09:00,Lee Dong Hyeon,IdeState,Active,JavaTest,Editor,C:/Users/Lee Dong Hyeon/AppData/Roaming/JetBrains/IdeaIC2021.2/plugins/activity-tracker/ide-events.csv,,0,0,Default task
2021-09-02T15:08:19.369+09:00,Lee Dong Hyeon,IdeState,Active,JavaTest,Editor,C:/Users/Lee Dong Hyeon/AppData/Roaming/JetBrains/IdeaIC2021.2/plugins/activity-tracker/ide-events.csv,,0,0,Default task
2021-09-02T15:08:20.384+09:00,Lee Dong Hyeon,IdeState,Active,JavaTest,Editor,C:/Users/Lee Dong Hyeon/AppData/Roaming/JetBrains/IdeaIC2021.2/plugins/activity-tracker/ide-events.csv,,0,0,Default task
2021-09-02T15:08:21.385+09:00,Lee Dong Hyeon,IdeState,Active,JavaTest,Editor,C:/Users/Lee Dong Hyeon/AppData/Roaming/JetBrains/IdeaIC2021.2/plugins/activity-tracker/ide-events.csv,,0,0,Default task
2021-09-02T15:08:22.400+09:00,Lee Dong Hyeon,IdeState,Active,JavaTest,Editor,C:/Users/Lee Dong Hyeon/AppData/Roaming/JetBrains/IdeaIC2021.2/plugins/activity-tracker/ide-events.csv,,0,0,Default task
2021-09-02T15:08:23.402+09:00,Lee Dong Hyeon,IdeState,Active,JavaTest,Editor,C:/Users/Lee Dong Hyeon/AppData/Roaming/JetBrains/IdeaIC2021.2/plugins/activity-tracker/ide-events.csv,,0,0,Default task
2021-09-02T15:08:24.415+09:00,Lee Dong Hyeon,IdeState,Active,JavaTest,Editor,C:/Users/Lee Dong Hyeon/AppData/Roaming/JetBrains/IdeaIC2021.2/plugins/activity-tracker/ide-events.csv,,0,0,Default task
2021-09-02T15:08:25.425+09:00,Lee Dong Hyeon,IdeState,Active,JavaTest,Editor,C:/Users/Lee Dong Hyeon/AppData/Roaming/JetBrains/IdeaIC2021.2/plugins/activity-tracker/ide-events.csv,,0,0,Default task
2021-09-02T15:08:26.434+09:00,Lee Dong Hyeon,IdeState,Active,JavaTest,Editor,C:/Users/Lee Dong Hyeon/AppData/Roaming/JetBrains/IdeaIC2021.2/plugins/activity-tracker/ide-events.csv,,0,0,Default task
2021-09-02T15:08:27.453+09:00,Lee Dong Hyeon,IdeState,Active,JavaTest,Editor,C:/Users/Lee Dong Hyeon/AppData/Roaming/JetBrains/IdeaIC2021.2/plugins/activity-tracker/ide-events.csv,,0,0,Default task
2021-09-02T15:08:28.469+09:00,Lee Dong Hyeon,IdeState,Active,JavaTest,Editor,C:/Users/Lee Dong Hyeon/AppData/Roaming/JetBrains/IdeaIC2021.2/plugins/activity-tracker/ide-events.csv,,0,0,Default task
2021-09-02T15:08:29.485+09:00,Lee Dong Hyeon,IdeState,Active,JavaTest,Editor,C:/Users/Lee Dong Hyeon/AppData/Roaming/JetBrains/IdeaIC2021.2/plugins/activity-tracker/ide-events.csv,,0,0,Default task
2021-09-02T15:08:30.487+09:00,Lee Dong Hyeon,IdeState,Active,JavaTest,Editor,C:/Users/Lee Dong Hyeon/AppData/Roaming/JetBrains/IdeaIC2021.2/plugins/activity-tracker/ide-events.csv,,0,0,Default task
2021-09-02T15:08:31.502+09:00,Lee Dong Hyeon,IdeState,Active,JavaTest,Editor,C:/Users/Lee Dong Hyeon/AppData/Roaming/JetBrains/IdeaIC2021.2/plugins/activity-tracker/ide-events.csv,,0,0,Default task
2021-09-02T15:08:32.518+09:00,Lee Dong Hyeon,IdeState,Active,JavaTest,Editor,C:/Users/Lee Dong Hyeon/AppData/Roaming/JetBrains/IdeaIC2021.2/plugins/activity-tracker/ide-events.csv,,0,0,Default task
2021-09-02T15:08:33.519+09:00,Lee Dong Hyeon,IdeState,Active,JavaTest,Editor,C:/Users/Lee Dong Hyeon/AppData/Roaming/JetBrains/IdeaIC2021.2/plugins/activity-tracker/ide-events.csv,,0,0,Default task
2021-09-02T15:08:34.536+09:00,Lee Dong Hyeon,IdeState,Active,JavaTest,Editor,C:/Users/Lee Dong Hyeon/AppData/Roaming/JetBrains/IdeaIC2021.2/plugins/activity-tracker/ide-events.csv,,0,0,Default task
2021-09-02T15:08:35.555+09:00,Lee Dong Hyeon,IdeState,Active,JavaTest,Editor,C:/Users/Lee Dong Hyeon/AppData/Roaming/JetBrains/IdeaIC2021.2/plugins/activity-tracker/ide-events.csv,,0,0,Default task
2021-09-02T15:08:36.569+09:00,Lee Dong Hyeon,IdeState,Active,JavaTest,Editor,C:/Users/Lee Dong Hyeon/AppData/Roaming/JetBrains/IdeaIC2021.2/plugins/activity-tracker/ide-events.csv,,0,0,Default task
2021-09-02T15:08:37.586+09:00,Lee Dong Hyeon,IdeState,Active,JavaTest,Editor,C:/Users/Lee Dong Hyeon/AppData/Roaming/JetBrains/IdeaIC2021.2/plugins/activity-tracker/ide-events.csv,,0,0,Default task
2021-09-02T15:08:38.602+09:00,Lee Dong Hyeon,IdeState,Active,JavaTest,Editor,C:/Users/Lee Dong Hyeon/AppData/Roaming/JetBrains/IdeaIC2021.2/plugins/activity-tracker/ide-events.csv,,0,0,Default task
2021-09-02T15:08:39.603+09:00,Lee Dong Hyeon,IdeState,Active,JavaTest,Popup,C:/Users/Lee Dong Hyeon/AppData/Roaming/JetBrains/IdeaIC2021.2/plugins/activity-tracker/ide-events.csv,,0,0,Default task
2021-09-02T15:08:40.337+09:00,Lee Dong Hyeon,Action,Start/Stop Activity Tracking,,,,,-1,-1,
